Index,0
0,0.0001371208207908509
1,0.000210291826425513
2,0.00019449007878481422
3,0.00017104475826366122
4,0.00018275681130786698
